id_key;codigo_region;region;codigo_provincia;provincia;codigo_comuna;comuna;poblacion_que_se_considera_originaria;mapuche;aymara;rapa_nui;quechua;colla;diaguita;kawesqar;yagan;chango;selknam;otro;pueblo_no_declarado;atacameno_o_lickanntay
1;0;País;0;País;0;País;2105863 ;1623073 ;178637 ;6659 ;46519 ;21913 ;153231 ;2153 ;1244 ;11795 ;1392 ;20631 ;2395 ;36221 
2;1;Tarapacá;11;Iquique;1101;Iquique;33246 ;4937 ;18777 ;0 ;4088 ;353 ;3664 ;0 ;0 ;235 ;0 ;582 ;44 ;472 
3;1;Tarapacá;11;Iquique;1107;Alto Hospicio;41377 ;5303 ;25646 ;56 ;4752 ;343 ;4164 ;0 ;0 ;88 ;0 ;520 ;46 ;439 
4;1;Tarapacá;14;Del Tamarugal;1401;Pozo Almonte;7876 ;743 ;4880 ;0 ;774 ;61 ;1214 ;0 ;0 ;0 ;0 ;116 ;3 ;64 
5;1;Tarapacá;14;Del Tamarugal;1402;Camiña;1164 ;0 ;1054 ;0 ;89 ;0 ;0 ;0 ;0 ;0 ;0 ;0 ;0 ;0 
6;1;Tarapacá;14;Del Tamarugal;1403;Colchane;631 ;0 ;546 ;0 ;0 ;0 ;0 ;0 ;0 ;0 ;0 ;0 ;0 ;0 
7;1;Tarapacá;14;Del Tamarugal;1404;Huara;1886 ;57 ;1501 ;0 ;226 ;0 ;70 ;0 ;0 ;0 ;0 ;0 ;1 ;0 
8;1;Tarapacá;14;Del Tamarugal;1405;Pica;3807 ;145 ;2862 ;0 ;585 ;0 ;159 ;0 ;0 ;0 ;0 ;0 ;1 ;0 
9;2;Antofagasta;21;Antofagasta;2101;Antofagasta;31955 ;8539 ;7033 ;0 ;3288 ;465 ;6686 ;0 ;0 ;1198 ;0 ;822 ;76 ;3759 
10;2;Antofagasta;21;Antofagasta;2102;Mejillones;1517 ;425 ;263 ;0 ;181 ;0 ;209 ;0 ;0 ;270 ;0 ;69 ;7 ;69 
11;2;Antofagasta;21;Antofagasta;2103;Sierra Gorda;216 ;0 ;0 ;0 ;66 ;0 ;0 ;0 ;0 ;0 ;0 ;0 ;0 ;0 
12;2;Antofagasta;21;Antofagasta;2104;Taltal;3098 ;263 ;67 ;0 ;0 ;51 ;388 ;0 ;0 ;2262 ;0 ;0 ;1 ;0 
13;2;Antofagasta;22;El Loa;2201;Calama;45461 ;3703 ;5237 ;0 ;10423 ;287 ;5931 ;0 ;0 ;68 ;0 ;389 ;53 ;19322 
14;2;Antofagasta;22;El Loa;2202;Ollagüe;201 ;0 ;0 ;0 ;182 ;0 ;0 ;0 ;0 ;0 ;0 ;0 ;0 ;0 
15;2;Antofagasta;22;El Loa;2203;San Pedro de Atacama;6090 ;208 ;427 ;0 ;1076 ;0 ;97 ;0 ;0 ;0 ;0 ;0 ;0 ;4202 
16;2;Antofagasta;23;Tocopilla;2301;Tocopilla;2103 ;725 ;409 ;0 ;214 ;0 ;417 ;0 ;0 ;165 ;0 ;0 ;7 ;102 
17;2;Antofagasta;23;Tocopilla;2302;María Elena;639 ;137 ;291 ;0 ;68 ;0 ;86 ;0 ;0 ;0 ;0 ;0 ;3 ;0 
18;3;Atacama;31;Copiapó;3101;Copiapó;40091 ;5324 ;2637 ;0 ;1795 ;10825 ;18347 ;0 ;0 ;418 ;0 ;350 ;40 ;297 
19;3;Atacama;31;Copiapó;3102;Caldera;5403 ;863 ;156 ;0 ;0 ;929 ;2316 ;0 ;0 ;1000 ;0 ;0 ;4 ;52 
20;3;Atacama;31;Copiapó;3103;Tierra Amarilla;3744 ;499 ;90 ;0 ;52 ;2191 ;887 ;0 ;0 ;0 ;0 ;0 ;1 ;0 
21;3;Atacama;32;Chañaral;3201;Chañaral;1964 ;438 ;82 ;0 ;0 ;263 ;887 ;0 ;0 ;237 ;0 ;0 ;3 ;0 
22;3;Atacama;32;Chañaral;3202;Diego de Almagro;1739 ;311 ;92 ;0 ;0 ;549 ;718 ;0 ;0 ;0 ;0 ;0 ;1 ;0 
23;3;Atacama;33;Huasco;3301;Vallenar;16678 ;828 ;267 ;0 ;69 ;332 ;14741 ;0 ;0 ;127 ;0 ;107 ;14 ;178 
24;3;Atacama;33;Huasco;3302;Alto del Carmen;2895 ;0 ;0 ;0 ;0 ;0 ;2784 ;0 ;0 ;0 ;0 ;0 ;2 ;0 
25;3;Atacama;33;Huasco;3303;Freirina;2082 ;140 ;63 ;0 ;0 ;0 ;1625 ;0 ;0 ;169 ;0 ;0 ;1 ;0 
26;3;Atacama;33;Huasco;3304;Huasco;2020 ;314 ;142 ;0 ;0 ;111 ;1217 ;0 ;0 ;166 ;0 ;0 ;2 ;0 
27;4;Coquimbo;41;Elqui;4101;La Serena;26384 ;6096 ;2538 ;0 ;414 ;910 ;14394 ;0 ;82 ;697 ;0 ;329 ;29 ;818 
28;4;Coquimbo;41;Elqui;4102;Coquimbo;23981 ;7191 ;1877 ;52 ;515 ;755 ;11649 ;0 ;0 ;846 ;0 ;261 ;32 ;751 
29;4;Coquimbo;41;Elqui;4103;Andacollo;1281 ;257 ;82 ;0 ;0 ;0 ;859 ;0 ;0 ;0 ;0 ;0 ;1 ;0 
30;4;Coquimbo;41;Elqui;4104;La Higuera;795 ;143 ;0 ;0 ;0 ;0 ;327 ;0 ;0 ;233 ;0 ;0 ;0 ;0 
31;4;Coquimbo;41;Elqui;4105;Paiguano;539 ;117 ;0 ;0 ;0 ;0 ;362 ;0 ;0 ;0 ;0 ;0 ;2 ;0 
32;4;Coquimbo;41;Elqui;4106;Vicuña;3802 ;684 ;227 ;0 ;72 ;0 ;2589 ;0 ;0 ;0 ;0 ;79 ;8 ;55 
33;4;Coquimbo;42;Choapa;4201;Illapel;2685 ;1110 ;103 ;0 ;0 ;0 ;1309 ;0 ;0 ;0 ;0 ;0 ;1 ;0 
34;4;Coquimbo;42;Choapa;4202;Canela;669 ;150 ;0 ;0 ;0 ;0 ;417 ;0 ;0 ;0 ;0 ;0 ;0 ;0 
35;4;Coquimbo;42;Choapa;4203;Los Vilos;2707 ;783 ;56 ;0 ;0 ;0 ;407 ;0 ;0 ;1349 ;0 ;0 ;6 ;0 
36;4;Coquimbo;42;Choapa;4204;Salamanca;2679 ;1153 ;142 ;0 ;0 ;53 ;1212 ;0 ;0 ;0 ;0 ;58 ;0 ;0 
37;4;Coquimbo;43;Limarí;4301;Ovalle;18102 ;2446 ;1023 ;0 ;210 ;191 ;13548 ;0 ;111 ;163 ;0 ;141 ;25 ;211 
38;4;Coquimbo;43;Limarí;4302;Combarbalá;2262 ;416 ;98 ;0 ;0 ;0 ;1610 ;0 ;0 ;0 ;0 ;0 ;0 ;0 
39;4;Coquimbo;43;Limarí;4303;Monte Patria;4001 ;669 ;158 ;0 ;0 ;0 ;2968 ;0 ;0 ;0 ;0 ;0 ;3 ;0 
40;4;Coquimbo;43;Limarí;4304;Punitaqui;2311 ;386 ;82 ;0 ;0 ;0 ;1721 ;0 ;0 ;0 ;0 ;0 ;5 ;0 
41;4;Coquimbo;43;Limarí;4305;Río Hurtado;555 ;89 ;0 ;0 ;0 ;0 ;407 ;0 ;0 ;0 ;0 ;0 ;0 ;0 
42;5;Valparaíso;51;Valparaíso;5101;Valparaíso;14914 ;11660 ;969 ;114 ;131 ;107 ;1259 ;0 ;0 ;117 ;0 ;227 ;48 ;177 
43;5;Valparaíso;51;Valparaíso;5102;Casablanca;1582 ;1360 ;51 ;0 ;0 ;0 ;64 ;0 ;0 ;0 ;0 ;0 ;6 ;0 
44;5;Valparaíso;51;Valparaíso;5103;Concón;1724 ;1370 ;76 ;0 ;0 ;0 ;126 ;0 ;0 ;0 ;0 ;0 ;9 ;0 
45;5;Valparaíso;51;Valparaíso;5104;Juan Fernández;110 ;0 ;0 ;0 ;0 ;0 ;0 ;0 ;0 ;0 ;0 ;0 ;0 ;0 
46;5;Valparaíso;51;Valparaíso;5105;Puchuncaví;1319 ;1073 ;64 ;0 ;0 ;0 ;79 ;0 ;0 ;0 ;0 ;0 ;9 ;0 
47;5;Valparaíso;51;Valparaíso;5107;Quintero;2241 ;1889 ;95 ;0 ;0 ;0 ;119 ;0 ;0 ;0 ;0 ;0 ;6 ;0 
48;5;Valparaíso;51;Valparaíso;5109;Viña del Mar;16080 ;12287 ;962 ;213 ;170 ;132 ;1529 ;0 ;0 ;73 ;0 ;301 ;59 ;253 
49;5;Valparaíso;52;Isla de Pascua;5201;Isla de Pascua;2740 ;120 ;0 ;2579 ;0 ;0 ;0 ;0 ;0 ;0 ;0 ;0 ;7 ;0 
50;5;Valparaíso;53;Los Andes;5301;Los Andes;3134 ;2268 ;191 ;0 ;0 ;55 ;433 ;0 ;0 ;0 ;0 ;0 ;3 ;0 
51;5;Valparaíso;53;Los Andes;5302;Calle Larga;985 ;680 ;52 ;0 ;0 ;0 ;198 ;0 ;0 ;0 ;0 ;0 ;1 ;0 
52;5;Valparaíso;53;Los Andes;5303;Rinconada;671 ;494 ;0 ;0 ;0 ;0 ;104 ;0 ;0 ;0 ;0 ;0 ;0 ;0 
53;5;Valparaíso;53;Los Andes;5304;San Esteban;1074 ;843 ;51 ;0 ;0 ;0 ;134 ;0 ;0 ;0 ;0 ;0 ;4 ;0 
54;5;Valparaíso;54;Petorca;5401;La Ligua;2823 ;1546 ;256 ;0 ;0 ;0 ;915 ;0 ;0 ;0 ;0 ;0 ;3 ;0 
55;5;Valparaíso;54;Petorca;5402;Cabildo;1004 ;454 ;108 ;0 ;0 ;0 ;361 ;0 ;0 ;0 ;0 ;0 ;2 ;0 
56;5;Valparaíso;54;Petorca;5403;Papudo;562 ;371 ;73 ;0 ;0 ;0 ;61 ;0 ;0 ;0 ;0 ;0 ;0 ;0 
57;5;Valparaíso;54;Petorca;5404;Petorca;813 ;432 ;61 ;0 ;0 ;0 ;260 ;0 ;0 ;0 ;0 ;0 ;0 ;0 
58;5;Valparaíso;54;Petorca;5405;Zapallar;461 ;287 ;0 ;0 ;0 ;0 ;124 ;0 ;0 ;0 ;0 ;0 ;3 ;0 
59;5;Valparaíso;55;Quillota;5501;Quillota;4591 ;3138 ;272 ;0 ;58 ;0 ;846 ;0 ;0 ;0 ;0 ;96 ;8 ;67 
60;5;Valparaíso;55;Quillota;5502;Calera;2414 ;1420 ;250 ;0 ;0 ;0 ;574 ;0 ;0 ;0 ;0 ;0 ;2 ;0 
61;5;Valparaíso;55;Quillota;5503;Hijuelas;936 ;491 ;87 ;0 ;0 ;0 ;275 ;0 ;0 ;0 ;0 ;0 ;3 ;0 
62;5;Valparaíso;55;Quillota;5504;La Cruz;1209 ;714 ;95 ;0 ;0 ;0 ;260 ;0 ;0 ;0 ;0 ;56 ;2 ;0 
63;5;Valparaíso;55;Quillota;5506;Nogales;1039 ;577 ;76 ;0 ;0 ;0 ;316 ;0 ;0 ;0 ;0 ;0 ;2 ;0 
64;5;Valparaíso;56;San Antonio;5601;San Antonio;7982 ;7385 ;179 ;0 ;0 ;0 ;161 ;0 ;0 ;0 ;0 ;106 ;14 ;0 
65;5;Valparaíso;56;San Antonio;5602;Algarrobo;1191 ;978 ;0 ;0 ;0 ;0 ;0 ;0 ;0 ;99 ;0 ;0 ;3 ;0 
66;5;Valparaíso;56;San Antonio;5603;Cartagena;1829 ;1641 ;55 ;0 ;0 ;0 ;53 ;0 ;0 ;0 ;0 ;0 ;2 ;0 
67;5;Valparaíso;56;San Antonio;5604;El Quisco;1587 ;1394 ;0 ;0 ;0 ;0 ;0 ;0 ;0 ;0 ;0 ;0 ;1 ;0 
68;5;Valparaíso;56;San Antonio;5605;El Tabo;1185 ;1044 ;0 ;0 ;0 ;0 ;0 ;0 ;0 ;0 ;0 ;0 ;8 ;0 
69;5;Valparaíso;56;San Antonio;5606;Santo Domingo;793 ;714 ;0 ;0 ;0 ;0 ;0 ;0 ;0 ;0 ;0 ;0 ;2 ;0 
70;5;Valparaíso;57;San Felipe de Aconcagua;5701;San Felipe;4106 ;2536 ;312 ;0 ;516 ;68 ;465 ;0 ;0 ;0 ;0 ;102 ;12 ;51 
71;5;Valparaíso;57;San Felipe de Aconcagua;5702;Catemu;640 ;469 ;0 ;0 ;0 ;0 ;84 ;0 ;0 ;0 ;0 ;0 ;1 ;0 
72;5;Valparaíso;57;San Felipe de Aconcagua;5703;Llaillay;1333 ;769 ;182 ;0 ;135 ;0 ;182 ;0 ;0 ;0 ;0 ;0 ;2 ;0 
73;5;Valparaíso;57;San Felipe de Aconcagua;5704;Panquehue;268 ;208 ;0 ;0 ;0 ;0 ;0 ;0 ;0 ;0 ;0 ;0 ;0 ;0 
74;5;Valparaíso;57;San Felipe de Aconcagua;5705;Putaendo;1106 ;888 ;67 ;0 ;0 ;0 ;88 ;0 ;0 ;0 ;0 ;0 ;3 ;0 
75;5;Valparaíso;57;San Felipe de Aconcagua;5706;Santa María;823 ;670 ;59 ;0 ;0 ;0 ;56 ;0 ;0 ;0 ;0 ;0 ;1 ;0 
76;5;Valparaíso;58;Marga Marga;5801;Quilpué;7940 ;6103 ;420 ;66 ;76 ;59 ;835 ;0 ;0 ;0 ;0 ;142 ;20 ;122 
77;5;Valparaíso;58;Marga Marga;5802;Limache;2412 ;1914 ;125 ;0 ;0 ;0 ;214 ;0 ;0 ;0 ;0 ;0 ;5 ;0 
78;5;Valparaíso;58;Marga Marga;5803;Olmué;781 ;633 ;0 ;0 ;0 ;0 ;0 ;0 ;0 ;0 ;0 ;0 ;7 ;0 
79;5;Valparaíso;58;Marga Marga;5804;Villa Alemana;7314 ;5595 ;422 ;0 ;57 ;53 ;846 ;0 ;0 ;0 ;0 ;121 ;17 ;66 
80;6;Libertador General Bernardo O'Higgins;61;Cachapoal;6101;Rancagua;14833 ;13390 ;380 ;53 ;108 ;60 ;489 ;0 ;0 ;0 ;0 ;214 ;33 ;0 
81;6;Libertador General Bernardo O'Higgins;61;Cachapoal;6102;Codegua;695 ;631 ;0 ;0 ;0 ;0 ;0 ;0 ;0 ;0 ;0 ;0 ;0 ;0 
82;6;Libertador General Bernardo O'Higgins;61;Cachapoal;6103;Coinco;408 ;379 ;0 ;0 ;0 ;0 ;0 ;0 ;0 ;0 ;0 ;0 ;2 ;0 
83;6;Libertador General Bernardo O'Higgins;61;Cachapoal;6104;Coltauco;920 ;835 ;0 ;0 ;0 ;0 ;0 ;0 ;0 ;0 ;0 ;0 ;1 ;0 
84;6;Libertador General Bernardo O'Higgins;61;Cachapoal;6105;Doñihue;1024 ;948 ;0 ;0 ;0 ;0 ;0 ;0 ;0 ;0 ;0 ;0 ;3 ;0 
85;6;Libertador General Bernardo O'Higgins;61;Cachapoal;6106;Graneros;2657 ;2420 ;73 ;0 ;76 ;0 ;52 ;0 ;0 ;0 ;0 ;0 ;3 ;0 
86;6;Libertador General Bernardo O'Higgins;61;Cachapoal;6107;Las Cabras;1670 ;1468 ;53 ;0 ;83 ;0 ;0 ;0 ;0 ;0 ;0 ;0 ;2 ;0 
87;6;Libertador General Bernardo O'Higgins;61;Cachapoal;6108;Machalí;2631 ;2227 ;122 ;0 ;0 ;0 ;145 ;0 ;0 ;0 ;0 ;0 ;5 ;0 
88;6;Libertador General Bernardo O'Higgins;61;Cachapoal;6109;Malloa;762 ;704 ;0 ;0 ;0 ;0 ;0 ;0 ;0 ;0 ;0 ;0 ;1 ;0 
89;6;Libertador General Bernardo O'Higgins;61;Cachapoal;6110;Mostazal;1628 ;1502 ;51 ;0 ;0 ;0 ;0 ;0 ;0 ;0 ;0 ;0 ;3 ;0 
90;6;Libertador General Bernardo O'Higgins;61;Cachapoal;6111;Olivar;844 ;790 ;0 ;0 ;0 ;0 ;0 ;0 ;0 ;0 ;0 ;0 ;1 ;0 
91;6;Libertador General Bernardo O'Higgins;61;Cachapoal;6112;Peumo;719 ;673 ;0 ;0 ;0 ;0 ;0 ;0 ;0 ;0 ;0 ;0 ;0 ;0 
92;6;Libertador General Bernardo O'Higgins;61;Cachapoal;6113;Pichidegua;647 ;586 ;0 ;0 ;0 ;0 ;0 ;0 ;0 ;0 ;0 ;0 ;0 ;0 
93;6;Libertador General Bernardo O'Higgins;61;Cachapoal;6114;Quinta de Tilcoco;806 ;718 ;0 ;0 ;0 ;0 ;0 ;0 ;0 ;0 ;0 ;0 ;2 ;0 
94;6;Libertador General Bernardo O'Higgins;61;Cachapoal;6115;Rengo;3813 ;3407 ;94 ;0 ;130 ;0 ;78 ;0 ;0 ;0 ;0 ;56 ;5 ;0 
95;6;Libertador General Bernardo O'Higgins;61;Cachapoal;6116;Requínoa;2073 ;1985 ;0 ;0 ;0 ;0 ;0 ;0 ;0 ;0 ;0 ;0 ;6 ;0 
96;6;Libertador General Bernardo O'Higgins;61;Cachapoal;6117;San Vicente;2112 ;1885 ;72 ;0 ;0 ;0 ;59 ;0 ;0 ;0 ;0 ;0 ;5 ;0 
97;6;Libertador General Bernardo O'Higgins;62;Cardenal Caro;6201;Pichilemu;1160 ;936 ;56 ;0 ;0 ;0 ;0 ;0 ;0 ;0 ;0 ;51 ;4 ;0 
98;6;Libertador General Bernardo O'Higgins;62;Cardenal Caro;6202;La Estrella;196 ;168 ;0 ;0 ;0 ;0 ;0 ;0 ;0 ;0 ;0 ;0 ;0 ;0 
99;6;Libertador General Bernardo O'Higgins;62;Cardenal Caro;6203;Litueche;395 ;331 ;0 ;0 ;0 ;0 ;0 ;0 ;0 ;0 ;0 ;0 ;1 ;0 
100;6;Libertador General Bernardo O'Higgins;62;Cardenal Caro;6204;Marchihue;314 ;300 ;0 ;0 ;0 ;0 ;0 ;0 ;0 ;0 ;0 ;0 ;0 ;0 
101;6;Libertador General Bernardo O'Higgins;62;Cardenal Caro;6205;Navidad;512 ;468 ;0 ;0 ;0 ;0 ;0 ;0 ;0 ;0 ;0 ;0 ;1 ;0 
102;6;Libertador General Bernardo O'Higgins;62;Cardenal Caro;6206;Paredones;239 ;211 ;0 ;0 ;0 ;0 ;0 ;0 ;0 ;0 ;0 ;0 ;1 ;0 
103;6;Libertador General Bernardo O'Higgins;63;Colchagua;6301;San Fernando;3883 ;3567 ;83 ;0 ;60 ;0 ;68 ;0 ;0 ;0 ;0 ;54 ;6 ;0 
104;6;Libertador General Bernardo O'Higgins;63;Colchagua;6302;Chépica;295 ;268 ;0 ;0 ;0 ;0 ;0 ;0 ;0 ;0 ;0 ;0 ;0 ;0 
105;6;Libertador General Bernardo O'Higgins;63;Colchagua;6303;Chimbarongo;1575 ;1486 ;0 ;0 ;0 ;0 ;0 ;0 ;0 ;0 ;0 ;0 ;5 ;0 
106;6;Libertador General Bernardo O'Higgins;63;Colchagua;6304;Lolol;200 ;184 ;0 ;0 ;0 ;0 ;0 ;0 ;0 ;0 ;0 ;0 ;0 ;0 
107;6;Libertador General Bernardo O'Higgins;63;Colchagua;6305;Nancagua;674 ;585 ;0 ;0 ;0 ;0 ;0 ;0 ;0 ;0 ;0 ;0 ;1 ;0 
108;6;Libertador General Bernardo O'Higgins;63;Colchagua;6306;Palmilla;638 ;578 ;0 ;0 ;0 ;0 ;0 ;0 ;0 ;0 ;0 ;0 ;0 ;0 
109;6;Libertador General Bernardo O'Higgins;63;Colchagua;6307;Peralillo;458 ;418 ;0 ;0 ;0 ;0 ;0 ;0 ;0 ;0 ;0 ;0 ;1 ;0 
110;6;Libertador General Bernardo O'Higgins;63;Colchagua;6308;Placilla;500 ;407 ;0 ;0 ;62 ;0 ;0 ;0 ;0 ;0 ;0 ;0 ;1 ;0 
111;6;Libertador General Bernardo O'Higgins;63;Colchagua;6309;Pumanque;177 ;142 ;0 ;0 ;0 ;0 ;0 ;0 ;0 ;0 ;0 ;0 ;3 ;0 
112;6;Libertador General Bernardo O'Higgins;63;Colchagua;6310;Santa Cruz;1223 ;1113 ;0 ;0 ;0 ;0 ;0 ;0 ;0 ;0 ;0 ;0 ;1 ;0 
113;7;Maule;71;Talca;7101;Talca;8012 ;7209 ;238 ;0 ;101 ;0 ;202 ;0 ;0 ;0 ;0 ;141 ;15 ;0 
114;7;Maule;71;Talca;7102;Constitución;1960 ;1862 ;0 ;0 ;0 ;0 ;0 ;0 ;0 ;0 ;0 ;0 ;1 ;0 
115;7;Maule;71;Talca;7103;Curepto;589 ;572 ;0 ;0 ;0 ;0 ;0 ;0 ;0 ;0 ;0 ;0 ;0 ;0 
116;7;Maule;71;Talca;7104;Empedrado;129 ;0 ;0 ;0 ;0 ;0 ;0 ;0 ;0 ;0 ;0 ;0 ;0 ;0 
117;7;Maule;71;Talca;7105;Maule;2258 ;2062 ;0 ;0 ;0 ;0 ;68 ;0 ;0 ;0 ;0 ;0 ;3 ;0 
118;7;Maule;71;Talca;7106;Pelarco;319 ;275 ;0 ;0 ;0 ;0 ;0 ;0 ;0 ;0 ;0 ;0 ;0 ;0 
119;7;Maule;71;Talca;7107;Pencahue;239 ;203 ;0 ;0 ;0 ;0 ;0 ;0 ;0 ;0 ;0 ;0 ;0 ;0 
120;7;Maule;71;Talca;7108;Río Claro;490 ;453 ;0 ;0 ;0 ;0 ;0 ;0 ;0 ;0 ;0 ;0 ;1 ;0 
121;7;Maule;71;Talca;7109;San Clemente;1862 ;1666 ;56 ;0 ;0 ;0 ;86 ;0 ;0 ;0 ;0 ;0 ;4 ;0 
122;7;Maule;71;Talca;7110;San Rafael;533 ;499 ;0 ;0 ;0 ;0 ;0 ;0 ;0 ;0 ;0 ;0 ;0 ;0 
123;7;Maule;72;Cauquenes;7201;Cauquenes;1282 ;1218 ;0 ;0 ;0 ;0 ;0 ;0 ;0 ;0 ;0 ;0 ;2 ;0 
124;7;Maule;72;Cauquenes;7202;Chanco;332 ;311 ;0 ;0 ;0 ;0 ;0 ;0 ;0 ;0 ;0 ;0 ;0 ;0 
125;7;Maule;72;Cauquenes;7203;Pelluhue;393 ;357 ;0 ;0 ;0 ;0 ;0 ;0 ;0 ;0 ;0 ;0 ;0 ;0 
126;7;Maule;73;Curicó;7301;Curicó;8708 ;8125 ;189 ;0 ;85 ;0 ;109 ;0 ;0 ;0 ;0 ;93 ;9 ;0 
127;7;Maule;73;Curicó;7302;Hualañé;684 ;616 ;0 ;0 ;0 ;0 ;0 ;0 ;0 ;0 ;0 ;0 ;2 ;0 
128;7;Maule;73;Curicó;7303;Licantén;1104 ;1049 ;0 ;0 ;0 ;0 ;0 ;0 ;0 ;0 ;0 ;0 ;0 ;0 
129;7;Maule;73;Curicó;7304;Molina;2823 ;2517 ;75 ;0 ;130 ;0 ;0 ;0 ;0 ;0 ;0 ;0 ;5 ;0 
130;7;Maule;73;Curicó;7305;Rauco;488 ;463 ;0 ;0 ;0 ;0 ;0 ;0 ;0 ;0 ;0 ;0 ;1 ;0 
131;7;Maule;73;Curicó;7306;Romeral;1289 ;1241 ;0 ;0 ;0 ;0 ;0 ;0 ;0 ;0 ;0 ;0 ;2 ;0 
132;7;Maule;73;Curicó;7307;Sagrada Familia;788 ;745 ;0 ;0 ;0 ;0 ;0 ;0 ;0 ;0 ;0 ;0 ;2 ;0 
133;7;Maule;73;Curicó;7308;Teno;1295 ;1224 ;0 ;0 ;0 ;0 ;0 ;0 ;0 ;0 ;0 ;0 ;1 ;0 
134;7;Maule;73;Curicó;7309;Vichuquén;622 ;599 ;0 ;0 ;0 ;0 ;0 ;0 ;0 ;0 ;0 ;0 ;0 ;0 
135;7;Maule;74;Linares;7401;Linares;3725 ;3425 ;74 ;0 ;0 ;0 ;85 ;0 ;0 ;0 ;0 ;0 ;8 ;0 
136;7;Maule;74;Linares;7402;Colbún;1225 ;1155 ;0 ;0 ;0 ;0 ;0 ;0 ;0 ;0 ;0 ;0 ;6 ;0 
137;7;Maule;74;Linares;7403;Longaví;1607 ;1553 ;0 ;0 ;0 ;0 ;0 ;0 ;0 ;0 ;0 ;0 ;3 ;0 
138;7;Maule;74;Linares;7404;Parral;1261 ;1176 ;0 ;0 ;0 ;0 ;0 ;0 ;0 ;0 ;0 ;0 ;1 ;0 
139;7;Maule;74;Linares;7405;Retiro;675 ;615 ;0 ;0 ;0 ;0 ;0 ;0 ;0 ;0 ;0 ;0 ;1 ;0 
140;7;Maule;74;Linares;7406;San Javier;1709 ;1557 ;51 ;0 ;0 ;0 ;0 ;0 ;0 ;0 ;0 ;0 ;5 ;0 
141;7;Maule;74;Linares;7407;Villa Alegre;661 ;612 ;0 ;0 ;0 ;0 ;0 ;0 ;0 ;0 ;0 ;0 ;2 ;0 
142;7;Maule;74;Linares;7408;Yerbas Buenas;749 ;693 ;0 ;0 ;0 ;0 ;0 ;0 ;0 ;0 ;0 ;0 ;1 ;0 
143;8;Biobío;81;Concepción;8101;Concepción;15271 ;14383 ;250 ;0 ;80 ;0 ;174 ;0 ;0 ;0 ;0 ;182 ;22 ;77 
144;8;Biobío;81;Concepción;8102;Coronel;11160 ;10705 ;199 ;0 ;0 ;0 ;54 ;0 ;0 ;0 ;0 ;99 ;6 ;0 
145;8;Biobío;81;Concepción;8103;Chiguayante;6378 ;6173 ;68 ;0 ;0 ;0 ;0 ;0 ;0 ;0 ;0 ;0 ;4 ;0 
146;8;Biobío;81;Concepción;8104;Florida;652 ;611 ;0 ;0 ;0 ;0 ;0 ;0 ;0 ;0 ;0 ;0 ;0 ;0 
147;8;Biobío;81;Concepción;8105;Hualqui;1853 ;1797 ;0 ;0 ;0 ;0 ;0 ;0 ;0 ;0 ;0 ;0 ;3 ;0 
148;8;Biobío;81;Concepción;8106;Lota;4593 ;4390 ;127 ;0 ;0 ;0 ;0 ;0 ;0 ;0 ;0 ;0 ;5 ;0 
149;8;Biobío;81;Concepción;8107;Penco;3510 ;3427 ;0 ;0 ;0 ;0 ;0 ;0 ;0 ;0 ;0 ;0 ;1 ;0 
150;8;Biobío;81;Concepción;8108;San Pedro de La paz;12197 ;11780 ;111 ;0 ;0 ;0 ;88 ;0 ;0 ;0 ;0 ;72 ;4 ;0 
151;8;Biobío;81;Concepción;8109;Santa Juana;1285 ;1255 ;0 ;0 ;0 ;0 ;0 ;0 ;0 ;0 ;0 ;0 ;1 ;0 
152;8;Biobío;81;Concepción;8110;Talcahuano;9293 ;8820 ;151 ;0 ;0 ;0 ;110 ;0 ;0 ;0 ;0 ;61 ;5 ;0 
153;8;Biobío;81;Concepción;8111;Tomé;3042 ;2905 ;0 ;0 ;0 ;0 ;0 ;0 ;0 ;0 ;0 ;0 ;3 ;0 
154;8;Biobío;81;Concepción;8112;Hualpén;6013 ;5775 ;66 ;0 ;0 ;0 ;0 ;0 ;0 ;0 ;0 ;0 ;9 ;0 
155;8;Biobío;82;Arauco;8201;Lebu;6990 ;6910 ;0 ;0 ;0 ;0 ;0 ;0 ;0 ;0 ;0 ;0 ;1 ;0 
156;8;Biobío;82;Arauco;8202;Arauco;6221 ;6121 ;0 ;0 ;0 ;0 ;0 ;0 ;0 ;0 ;0 ;0 ;1 ;0 
157;8;Biobío;82;Arauco;8203;Cañete;12851 ;12764 ;0 ;0 ;0 ;0 ;0 ;0 ;0 ;0 ;0 ;0 ;7 ;0 
158;8;Biobío;82;Arauco;8204;Contulmo;1813 ;1806 ;0 ;0 ;0 ;0 ;0 ;0 ;0 ;0 ;0 ;0 ;0 ;0 
159;8;Biobío;82;Arauco;8205;Curanilahue;3972 ;3918 ;0 ;0 ;0 ;0 ;0 ;0 ;0 ;0 ;0 ;0 ;0 ;0 
160;8;Biobío;82;Arauco;8206;Los Álamos;5882 ;5822 ;0 ;0 ;0 ;0 ;0 ;0 ;0 ;0 ;0 ;0 ;3 ;0 
161;8;Biobío;82;Arauco;8207;Tirúa;6955 ;6910 ;0 ;0 ;0 ;0 ;0 ;0 ;0 ;0 ;0 ;0 ;2 ;0 
162;8;Biobío;83;Biobío;8301;Los Ángeles;11768 ;11223 ;162 ;0 ;67 ;0 ;84 ;0 ;0 ;0 ;0 ;95 ;14 ;0 
163;8;Biobío;83;Biobío;8302;Antuco;282 ;261 ;0 ;0 ;0 ;0 ;0 ;0 ;0 ;0 ;0 ;0 ;0 ;0 
164;8;Biobío;83;Biobío;8303;Cabrero;1575 ;1525 ;0 ;0 ;0 ;0 ;0 ;0 ;0 ;0 ;0 ;0 ;2 ;0 
165;8;Biobío;83;Biobío;8304;Laja;1576 ;1505 ;0 ;0 ;0 ;0 ;0 ;0 ;0 ;0 ;0 ;0 ;0 ;0 
166;8;Biobío;83;Biobío;8305;Mulchén;3235 ;3179 ;0 ;0 ;0 ;0 ;0 ;0 ;0 ;0 ;0 ;0 ;0 ;0 
167;8;Biobío;83;Biobío;8306;Nacimiento;1613 ;1554 ;0 ;0 ;0 ;0 ;0 ;0 ;0 ;0 ;0 ;0 ;0 ;0 
168;8;Biobío;83;Biobío;8307;Negrete;913 ;898 ;0 ;0 ;0 ;0 ;0 ;0 ;0 ;0 ;0 ;0 ;0 ;0 
169;8;Biobío;83;Biobío;8308;Quilaco;491 ;476 ;0 ;0 ;0 ;0 ;0 ;0 ;0 ;0 ;0 ;0 ;0 ;0 
170;8;Biobío;83;Biobío;8309;Quilleco;396 ;0 ;0 ;0 ;0 ;0 ;0 ;0 ;0 ;0 ;0 ;0 ;1 ;0 
171;8;Biobío;83;Biobío;8310;San Rosendo;158 ;0 ;0 ;0 ;0 ;0 ;0 ;0 ;0 ;0 ;0 ;0 ;0 ;0 
172;8;Biobío;83;Biobío;8311;Santa Bárbara;2059 ;2018 ;0 ;0 ;0 ;0 ;0 ;0 ;0 ;0 ;0 ;0 ;2 ;0 
173;8;Biobío;83;Biobío;8312;Tucapel;655 ;632 ;0 ;0 ;0 ;0 ;0 ;0 ;0 ;0 ;0 ;0 ;0 ;0 
174;8;Biobío;83;Biobío;8313;Yumbel;1021 ;985 ;0 ;0 ;0 ;0 ;0 ;0 ;0 ;0 ;0 ;0 ;0 ;0 
175;8;Biobío;83;Biobío;8314;Alto Biobío;5244 ;5224 ;0 ;0 ;0 ;0 ;0 ;0 ;0 ;0 ;0 ;0 ;1 ;0 
176;9;La Araucanía;91;Cautín;9101;Temuco;71483 ;70568 ;296 ;0 ;69 ;0 ;165 ;0 ;0 ;0 ;0 ;146 ;49 ;51 
177;9;La Araucanía;91;Cautín;9102;Carahue;10783 ;10719 ;0 ;0 ;0 ;0 ;0 ;0 ;0 ;0 ;0 ;0 ;1 ;0 
178;9;La Araucanía;91;Cautín;9103;Cunco;6057 ;5997 ;0 ;0 ;0 ;0 ;0 ;0 ;0 ;0 ;0 ;0 ;0 ;0 
179;9;La Araucanía;91;Cautín;9104;Curarrehue;5011 ;4977 ;0 ;0 ;0 ;0 ;0 ;0 ;0 ;0 ;0 ;0 ;9 ;0 
180;9;La Araucanía;91;Cautín;9105;Freire;14307 ;14236 ;0 ;0 ;0 ;0 ;0 ;0 ;0 ;0 ;0 ;0 ;5 ;0 
181;9;La Araucanía;91;Cautín;9106;Galvarino;9089 ;9052 ;0 ;0 ;0 ;0 ;0 ;0 ;0 ;0 ;0 ;0 ;0 ;0 
182;9;La Araucanía;91;Cautín;9107;Gorbea;2699 ;2666 ;0 ;0 ;0 ;0 ;0 ;0 ;0 ;0 ;0 ;0 ;2 ;0 
183;9;La Araucanía;91;Cautín;9108;Lautaro;16826 ;16722 ;53 ;0 ;0 ;0 ;0 ;0 ;0 ;0 ;0 ;0 ;6 ;0 
184;9;La Araucanía;91;Cautín;9109;Loncoche;8392 ;8329 ;0 ;0 ;0 ;0 ;0 ;0 ;0 ;0 ;0 ;0 ;2 ;0 
185;9;La Araucanía;91;Cautín;9110;Melipeuco;3539 ;3520 ;0 ;0 ;0 ;0 ;0 ;0 ;0 ;0 ;0 ;0 ;1 ;0 
186;9;La Araucanía;91;Cautín;9111;Nueva Imperial;19789 ;19695 ;0 ;0 ;0 ;0 ;0 ;0 ;0 ;0 ;0 ;0 ;3 ;0 
187;9;La Araucanía;91;Cautín;9112;Padre Las Casas;41270 ;41075 ;103 ;0 ;0 ;0 ;0 ;0 ;0 ;0 ;0 ;0 ;9 ;0 
188;9;La Araucanía;91;Cautín;9113;Perquenco;3802 ;3779 ;0 ;0 ;0 ;0 ;0 ;0 ;0 ;0 ;0 ;0 ;4 ;0 
189;9;La Araucanía;91;Cautín;9114;Pitrufquén;9205 ;9124 ;0 ;0 ;0 ;0 ;0 ;0 ;0 ;0 ;0 ;0 ;5 ;0 
190;9;La Araucanía;91;Cautín;9115;Pucón;8318 ;8145 ;57 ;0 ;0 ;0 ;0 ;0 ;0 ;0 ;0 ;0 ;10 ;0 
191;9;La Araucanía;91;Cautín;9116;Saavedra;10359 ;10329 ;0 ;0 ;0 ;0 ;0 ;0 ;0 ;0 ;0 ;0 ;1 ;0 
192;9;La Araucanía;91;Cautín;9117;Teodoro Schmidt;8511 ;8479 ;0 ;0 ;0 ;0 ;0 ;0 ;0 ;0 ;0 ;0 ;3 ;0 
193;9;La Araucanía;91;Cautín;9118;Toltén;4538 ;4499 ;0 ;0 ;0 ;0 ;0 ;0 ;0 ;0 ;0 ;0 ;2 ;0 
194;9;La Araucanía;91;Cautín;9119;Vilcún;11575 ;11497 ;0 ;0 ;0 ;0 ;0 ;0 ;0 ;0 ;0 ;0 ;1 ;0 
195;9;La Araucanía;91;Cautín;9120;Villarrica;17789 ;17561 ;80 ;0 ;0 ;0 ;0 ;0 ;0 ;0 ;0 ;0 ;9 ;0 
196;9;La Araucanía;91;Cautín;9121;Cholchol;10041 ;9987 ;0 ;0 ;0 ;0 ;0 ;0 ;0 ;0 ;0 ;0 ;5 ;0 
197;9;La Araucanía;92;Malleco;9201;Angol;6633 ;6533 ;0 ;0 ;0 ;0 ;0 ;0 ;0 ;0 ;0 ;0 ;4 ;0 
198;9;La Araucanía;92;Malleco;9202;Collipulli;6833 ;6783 ;0 ;0 ;0 ;0 ;0 ;0 ;0 ;0 ;0 ;0 ;4 ;0 
199;9;La Araucanía;92;Malleco;9203;Curacautín;2796 ;2757 ;0 ;0 ;0 ;0 ;0 ;0 ;0 ;0 ;0 ;0 ;0 ;0 
200;9;La Araucanía;92;Malleco;9204;Ercilla;4318 ;4301 ;0 ;0 ;0 ;0 ;0 ;0 ;0 ;0 ;0 ;0 ;0 ;0 
201;9;La Araucanía;92;Malleco;9205;Lonquimay;5827 ;5794 ;0 ;0 ;0 ;0 ;0 ;0 ;0 ;0 ;0 ;0 ;0 ;0 
202;9;La Araucanía;92;Malleco;9206;Los Sauces;2332 ;2313 ;0 ;0 ;0 ;0 ;0 ;0 ;0 ;0 ;0 ;0 ;0 ;0 
203;9;La Araucanía;92;Malleco;9207;Lumaco;4652 ;4639 ;0 ;0 ;0 ;0 ;0 ;0 ;0 ;0 ;0 ;0 ;1 ;0 
204;9;La Araucanía;92;Malleco;9208;Purén;3627 ;3601 ;0 ;0 ;0 ;0 ;0 ;0 ;0 ;0 ;0 ;0 ;0 ;0 
205;9;La Araucanía;92;Malleco;9209;Renaico;1074 ;1052 ;0 ;0 ;0 ;0 ;0 ;0 ;0 ;0 ;0 ;0 ;0 ;0 
206;9;La Araucanía;92;Malleco;9210;Traiguén;6113 ;6085 ;0 ;0 ;0 ;0 ;0 ;0 ;0 ;0 ;0 ;0 ;2 ;0 
207;9;La Araucanía;92;Malleco;9211;Victoria;9697 ;9631 ;0 ;0 ;0 ;0 ;0 ;0 ;0 ;0 ;0 ;0 ;2 ;0 
208;10;Los Lagos;101;Llanquihue;10101;Puerto Montt;55795 ;54394 ;400 ;84 ;86 ;0 ;222 ;71 ;0 ;0 ;0 ;357 ;34 ;0 
209;10;Los Lagos;101;Llanquihue;10102;Calbuco;11723 ;11567 ;0 ;0 ;0 ;0 ;0 ;0 ;0 ;0 ;0 ;0 ;3 ;0 
210;10;Los Lagos;101;Llanquihue;10103;Cochamó;764 ;744 ;0 ;0 ;0 ;0 ;0 ;0 ;0 ;0 ;0 ;0 ;1 ;0 
211;10;Los Lagos;101;Llanquihue;10104;Fresia;2904 ;2852 ;0 ;0 ;0 ;0 ;0 ;0 ;0 ;0 ;0 ;0 ;1 ;0 
212;10;Los Lagos;101;Llanquihue;10105;Frutillar;5530 ;5434 ;0 ;0 ;0 ;0 ;0 ;0 ;0 ;0 ;0 ;0 ;2 ;0 
213;10;Los Lagos;101;Llanquihue;10106;Los Muermos;2698 ;2636 ;0 ;0 ;0 ;0 ;0 ;0 ;0 ;0 ;0 ;0 ;0 ;0 
214;10;Los Lagos;101;Llanquihue;10107;Llanquihue;5452 ;5376 ;0 ;0 ;0 ;0 ;0 ;0 ;0 ;0 ;0 ;0 ;2 ;0 
215;10;Los Lagos;101;Llanquihue;10108;Maullín;3264 ;3231 ;0 ;0 ;0 ;0 ;0 ;0 ;0 ;0 ;0 ;0 ;0 ;0 
216;10;Los Lagos;101;Llanquihue;10109;Puerto Varas;8374 ;8152 ;64 ;0 ;0 ;0 ;0 ;0 ;0 ;0 ;0 ;0 ;5 ;0 
217;10;Los Lagos;102;Chiloé;10201;Castro;12571 ;12289 ;69 ;0 ;0 ;0 ;0 ;0 ;0 ;0 ;0 ;112 ;9 ;0 
218;10;Los Lagos;102;Chiloé;10202;Ancud;11461 ;11239 ;0 ;0 ;0 ;0 ;0 ;0 ;0 ;0 ;0 ;133 ;7 ;0 
219;10;Los Lagos;102;Chiloé;10203;Chonchi;5898 ;5809 ;0 ;0 ;0 ;0 ;0 ;0 ;0 ;0 ;0 ;0 ;5 ;0 
220;10;Los Lagos;102;Chiloé;10204;Curaco de Vélez;1071 ;1056 ;0 ;0 ;0 ;0 ;0 ;0 ;0 ;0 ;0 ;0 ;1 ;0 
221;10;Los Lagos;102;Chiloé;10205;Dalcahue;4026 ;3956 ;0 ;0 ;0 ;0 ;0 ;0 ;0 ;0 ;0 ;0 ;2 ;0 
222;10;Los Lagos;102;Chiloé;10206;Puqueldón;1248 ;1228 ;0 ;0 ;0 ;0 ;0 ;0 ;0 ;0 ;0 ;0 ;0 ;0 
223;10;Los Lagos;102;Chiloé;10207;Queilén;2896 ;2861 ;0 ;0 ;0 ;0 ;0 ;0 ;0 ;0 ;0 ;0 ;0 ;0 
224;10;Los Lagos;102;Chiloé;10208;Quellón;12619 ;12368 ;0 ;0 ;0 ;0 ;0 ;0 ;0 ;0 ;0 ;167 ;5 ;0 
225;10;Los Lagos;102;Chiloé;10209;Quemchi;3300 ;3228 ;0 ;0 ;0 ;0 ;0 ;0 ;0 ;0 ;0 ;57 ;0 ;0 
226;10;Los Lagos;102;Chiloé;10210;Quinchao;3630 ;3607 ;0 ;0 ;0 ;0 ;0 ;0 ;0 ;0 ;0 ;0 ;1 ;0 
227;10;Los Lagos;103;Osorno;10301;Osorno;48184 ;47676 ;209 ;0 ;0 ;0 ;58 ;0 ;0 ;0 ;0 ;86 ;23 ;0 
228;10;Los Lagos;103;Osorno;10302;Puerto Octay;3134 ;3102 ;0 ;0 ;0 ;0 ;0 ;0 ;0 ;0 ;0 ;0 ;2 ;0 
229;10;Los Lagos;103;Osorno;10303;Purranque;5713 ;5655 ;0 ;0 ;0 ;0 ;0 ;0 ;0 ;0 ;0 ;0 ;4 ;0 
230;10;Los Lagos;103;Osorno;10304;Puyehue;3816 ;3794 ;0 ;0 ;0 ;0 ;0 ;0 ;0 ;0 ;0 ;0 ;2 ;0 
231;10;Los Lagos;103;Osorno;10305;Río Negro;5234 ;5177 ;0 ;0 ;0 ;0 ;0 ;0 ;0 ;0 ;0 ;0 ;1 ;0 
232;10;Los Lagos;103;Osorno;10306;San Juan de la Costa;5878 ;5834 ;0 ;0 ;0 ;0 ;0 ;0 ;0 ;0 ;0 ;0 ;0 ;0 
233;10;Los Lagos;103;Osorno;10307;San Pablo;4363 ;4337 ;0 ;0 ;0 ;0 ;0 ;0 ;0 ;0 ;0 ;0 ;1 ;0 
234;10;Los Lagos;104;Palena;10401;Chaitén;1138 ;1108 ;0 ;0 ;0 ;0 ;0 ;0 ;0 ;0 ;0 ;0 ;1 ;0 
235;10;Los Lagos;104;Palena;10402;Futaleufú;470 ;458 ;0 ;0 ;0 ;0 ;0 ;0 ;0 ;0 ;0 ;0 ;0 ;0 
236;10;Los Lagos;104;Palena;10403;Hualaihué;3398 ;3358 ;0 ;0 ;0 ;0 ;0 ;0 ;0 ;0 ;0 ;0 ;0 ;0 
237;10;Los Lagos;104;Palena;10404;Palena;334 ;329 ;0 ;0 ;0 ;0 ;0 ;0 ;0 ;0 ;0 ;0 ;0 ;0 
238;11;Aysén del General Carlos Ibáñez del Campo;111;Coyhaique;11101;Coyhaique;14853 ;14460 ;101 ;0 ;0 ;0 ;0 ;0 ;0 ;0 ;0 ;131 ;17 ;0 
239;11;Aysén del General Carlos Ibáñez del Campo;111;Coyhaique;11102;Lago Verde;220 ;209 ;0 ;0 ;0 ;0 ;0 ;0 ;0 ;0 ;0 ;0 ;0 ;0 
240;11;Aysén del General Carlos Ibáñez del Campo;112;Aysén;11201;Aysén;8047 ;7789 ;54 ;0 ;0 ;0 ;0 ;0 ;0 ;0 ;0 ;113 ;5 ;0 
241;11;Aysén del General Carlos Ibáñez del Campo;112;Aysén;11202;Cisnes;1794 ;1727 ;0 ;0 ;0 ;0 ;0 ;0 ;0 ;0 ;0 ;0 ;0 ;0 
242;11;Aysén del General Carlos Ibáñez del Campo;112;Aysén;11203;Guaitecas;926 ;904 ;0 ;0 ;0 ;0 ;0 ;0 ;0 ;0 ;0 ;0 ;1 ;0 
243;11;Aysén del General Carlos Ibáñez del Campo;113;Capitán Prat;11301;Cochrane;847 ;809 ;0 ;0 ;0 ;0 ;0 ;0 ;0 ;0 ;0 ;0 ;0 ;0 
244;11;Aysén del General Carlos Ibáñez del Campo;113;Capitán Prat;11302;O'Higgins;184 ;182 ;0 ;0 ;0 ;0 ;0 ;0 ;0 ;0 ;0 ;0 ;0 ;0 
245;11;Aysén del General Carlos Ibáñez del Campo;113;Capitán Prat;11303;Tortel;203 ;197 ;0 ;0 ;0 ;0 ;0 ;0 ;0 ;0 ;0 ;0 ;0 ;0 
246;11;Aysén del General Carlos Ibáñez del Campo;114;General Carrera;11401;Chile Chico;1274 ;1235 ;0 ;0 ;0 ;0 ;0 ;0 ;0 ;0 ;0 ;0 ;2 ;0 
247;11;Aysén del General Carlos Ibáñez del Campo;114;General Carrera;11402;Río Ibáñez;882 ;850 ;0 ;0 ;0 ;0 ;0 ;0 ;0 ;0 ;0 ;0 ;0 ;0 
248;12;Magallanes y de la Antártica Chilena;121;Magallanes;12101;Punta Arenas;29419 ;28014 ;186 ;0 ;0 ;0 ;155 ;541 ;114 ;0 ;68 ;205 ;16 ;0 
249;12;Magallanes y de la Antártica Chilena;121;Magallanes;12102;Laguna Blanca;60 ;55 ;0 ;0 ;0 ;0 ;0 ;0 ;0 ;0 ;0 ;0 ;1 ;0 
250;12;Magallanes y de la Antártica Chilena;121;Magallanes;12103;Río Verde;19 ;0 ;0 ;0 ;0 ;0 ;0 ;0 ;0 ;0 ;0 ;0 ;0 ;0 
251;12;Magallanes y de la Antártica Chilena;121;Magallanes;12104;San Gregorio;53 ;51 ;0 ;0 ;0 ;0 ;0 ;0 ;0 ;0 ;0 ;0 ;0 ;0 
252;12;Magallanes y de la Antártica Chilena;122;Antártica Chilena;12201;Cabo de Hornos;359 ;239 ;0 ;0 ;0 ;0 ;0 ;0 ;90 ;0 ;0 ;0 ;0 ;0 
253;12;Magallanes y de la Antártica Chilena;122;Antártica Chilena;12202;Antártica;4 ;0 ;0 ;0 ;0 ;0 ;0 ;0 ;0 ;0 ;0 ;0 ;0 ;0 
254;12;Magallanes y de la Antártica Chilena;123;Tierra del Fuego;12301;Porvenir;1793 ;1686 ;0 ;0 ;0 ;0 ;0 ;0 ;0 ;0 ;0 ;0 ;0 ;0 
255;12;Magallanes y de la Antártica Chilena;123;Tierra del Fuego;12302;Primavera;116 ;108 ;0 ;0 ;0 ;0 ;0 ;0 ;0 ;0 ;0 ;0 ;0 ;0 
256;12;Magallanes y de la Antártica Chilena;123;Tierra del Fuego;12303;Timaukel;33 ;0 ;0 ;0 ;0 ;0 ;0 ;0 ;0 ;0 ;0 ;0 ;0 ;0 
257;12;Magallanes y de la Antártica Chilena;124;Última Esperanza;12401;Natales;6774 ;6387 ;0 ;0 ;0 ;0 ;0 ;256 ;0 ;0 ;0 ;0 ;5 ;0 
258;12;Magallanes y de la Antártica Chilena;124;Última Esperanza;12402;Torres del Paine;28 ;0 ;0 ;0 ;0 ;0 ;0 ;0 ;0 ;0 ;0 ;0 ;0 ;0 
259;13;Metropolitana de Santiago;131;Santiago;13101;Santiago;23972 ;16883 ;1723 ;133 ;1443 ;137 ;1172 ;0 ;0 ;81 ;75 ;1754 ;143 ;351 
260;13;Metropolitana de Santiago;131;Santiago;13102;Cerrillos;7463 ;6363 ;196 ;0 ;108 ;0 ;133 ;0 ;0 ;0 ;0 ;548 ;42 ;0 
261;13;Metropolitana de Santiago;131;Santiago;13103;Cerro Navia;16541 ;15842 ;217 ;0 ;155 ;0 ;152 ;0 ;0 ;0 ;0 ;72 ;18 ;0 
262;13;Metropolitana de Santiago;131;Santiago;13104;Conchalí;8273 ;7505 ;255 ;0 ;88 ;0 ;187 ;0 ;0 ;0 ;0 ;144 ;18 ;0 
263;13;Metropolitana de Santiago;131;Santiago;13105;El Bosque;14969 ;14090 ;236 ;51 ;69 ;0 ;282 ;0 ;0 ;0 ;0 ;155 ;19 ;0 
264;13;Metropolitana de Santiago;131;Santiago;13106;Estación Central;10100 ;8607 ;405 ;0 ;242 ;0 ;256 ;0 ;0 ;0 ;0 ;419 ;34 ;0 
265;13;Metropolitana de Santiago;131;Santiago;13107;Huechuraba;7808 ;7201 ;236 ;0 ;65 ;0 ;158 ;0 ;0 ;0 ;0 ;72 ;2 ;0 
266;13;Metropolitana de Santiago;131;Santiago;13108;Independencia;4895 ;3744 ;262 ;0 ;259 ;0 ;181 ;0 ;0 ;0 ;0 ;344 ;25 ;0 
267;13;Metropolitana de Santiago;131;Santiago;13109;La Cisterna;6704 ;5850 ;207 ;0 ;84 ;0 ;213 ;0 ;0 ;0 ;0 ;241 ;17 ;0 
268;13;Metropolitana de Santiago;131;Santiago;13110;La Florida;29115 ;26586 ;797 ;99 ;217 ;59 ;765 ;0 ;0 ;0 ;0 ;329 ;43 ;111 
269;13;Metropolitana de Santiago;131;Santiago;13111;La Granja;11260 ;10596 ;259 ;0 ;67 ;0 ;160 ;0 ;0 ;0 ;0 ;90 ;8 ;0 
270;13;Metropolitana de Santiago;131;Santiago;13112;La Pintana;24367 ;23529 ;258 ;0 ;80 ;0 ;279 ;0 ;0 ;0 ;0 ;106 ;12 ;0 
271;13;Metropolitana de Santiago;131;Santiago;13113;La Reina;4034 ;3450 ;171 ;0 ;0 ;0 ;183 ;0 ;0 ;0 ;0 ;65 ;11 ;0 
272;13;Metropolitana de Santiago;131;Santiago;13114;Las Condes;5329 ;3979 ;374 ;81 ;126 ;0 ;324 ;0 ;0 ;0 ;0 ;191 ;54 ;86 
273;13;Metropolitana de Santiago;131;Santiago;13115;Lo Barnechea;3108 ;2738 ;121 ;0 ;56 ;0 ;0 ;0 ;0 ;0 ;0 ;78 ;16 ;0 
274;13;Metropolitana de Santiago;131;Santiago;13116;Lo Espejo;7746 ;7242 ;174 ;0 ;0 ;0 ;155 ;0 ;0 ;0 ;0 ;71 ;7 ;0 
275;13;Metropolitana de Santiago;131;Santiago;13117;Lo Prado;9647 ;9065 ;174 ;0 ;98 ;0 ;129 ;0 ;0 ;0 ;0 ;120 ;11 ;0 
276;13;Metropolitana de Santiago;131;Santiago;13118;Macul;8477 ;7566 ;269 ;0 ;72 ;0 ;279 ;0 ;0 ;0 ;0 ;119 ;15 ;0 
277;13;Metropolitana de Santiago;131;Santiago;13119;Maipú;39002 ;35994 ;1010 ;123 ;196 ;57 ;941 ;0 ;0 ;61 ;0 ;356 ;64 ;118 
278;13;Metropolitana de Santiago;131;Santiago;13120;Ñuñoa;9927 ;7913 ;529 ;80 ;165 ;54 ;625 ;0 ;0 ;56 ;0 ;238 ;40 ;157 
279;13;Metropolitana de Santiago;131;Santiago;13121;Pedro Aguirre Cerda;8280 ;7531 ;224 ;0 ;76 ;0 ;226 ;0 ;0 ;0 ;0 ;116 ;8 ;0 
280;13;Metropolitana de Santiago;131;Santiago;13122;Peñalolén;24628 ;22977 ;453 ;84 ;241 ;0 ;504 ;0 ;0 ;0 ;0 ;181 ;34 ;52 
281;13;Metropolitana de Santiago;131;Santiago;13123;Providencia;4578 ;3350 ;328 ;55 ;96 ;0 ;357 ;0 ;0 ;0 ;0 ;166 ;24 ;92 
282;13;Metropolitana de Santiago;131;Santiago;13124;Pudahuel;21550 ;20390 ;344 ;0 ;140 ;0 ;342 ;0 ;0 ;0 ;0 ;161 ;28 ;0 
283;13;Metropolitana de Santiago;131;Santiago;13125;Quilicura;17266 ;16038 ;409 ;0 ;146 ;0 ;397 ;0 ;0 ;0 ;0 ;135 ;18 ;0 
284;13;Metropolitana de Santiago;131;Santiago;13126;Quinta Normal;7870 ;6905 ;262 ;0 ;191 ;0 ;165 ;0 ;0 ;0 ;0 ;238 ;28 ;0 
285;13;Metropolitana de Santiago;131;Santiago;13127;Recoleta;12104 ;9424 ;1148 ;66 ;667 ;0 ;269 ;0 ;0 ;0 ;0 ;383 ;36 ;0 
286;13;Metropolitana de Santiago;131;Santiago;13128;Renca;16446 ;15539 ;283 ;0 ;110 ;0 ;265 ;0 ;0 ;0 ;0 ;149 ;7 ;0 
287;13;Metropolitana de Santiago;131;Santiago;13129;San Joaquín;7054 ;6131 ;205 ;0 ;162 ;0 ;294 ;0 ;0 ;0 ;0 ;129 ;17 ;0 
288;13;Metropolitana de Santiago;131;Santiago;13130;San Miguel;7099 ;5955 ;343 ;0 ;95 ;0 ;287 ;0 ;0 ;0 ;0 ;245 ;22 ;0 
289;13;Metropolitana de Santiago;131;Santiago;13131;San Ramón;8366 ;7926 ;119 ;0 ;60 ;0 ;138 ;0 ;0 ;0 ;0 ;59 ;3 ;0 
290;13;Metropolitana de Santiago;131;Santiago;13132;Vitacura;860 ;606 ;52 ;0 ;0 ;0 ;57 ;0 ;0 ;0 ;0 ;0 ;15 ;0 
291;13;Metropolitana de Santiago;132;Cordillera;13201;Puente Alto;51909 ;48506 ;1057 ;166 ;274 ;72 ;1155 ;0 ;0 ;0 ;0 ;401 ;53 ;98 
292;13;Metropolitana de Santiago;132;Cordillera;13202;Pirque;1575 ;1469 ;0 ;0 ;0 ;0 ;0 ;0 ;0 ;0 ;0 ;0 ;4 ;0 
293;13;Metropolitana de Santiago;132;Cordillera;13203;San José de Maipo;1097 ;982 ;0 ;0 ;0 ;0 ;0 ;0 ;0 ;0 ;0 ;0 ;0 ;0 
294;13;Metropolitana de Santiago;133;Chacabuco;13301;Colina;9937 ;8826 ;302 ;0 ;285 ;0 ;188 ;0 ;0 ;0 ;0 ;171 ;31 ;0 
295;13;Metropolitana de Santiago;133;Chacabuco;13302;Lampa;11757 ;10616 ;262 ;0 ;246 ;0 ;362 ;0 ;0 ;0 ;0 ;126 ;12 ;0 
296;13;Metropolitana de Santiago;133;Chacabuco;13303;Tiltil;1307 ;1092 ;58 ;0 ;0 ;0 ;105 ;0 ;0 ;0 ;0 ;0 ;2 ;0 
297;13;Metropolitana de Santiago;134;Maipo;13401;San Bernardo;29080 ;27372 ;625 ;102 ;83 ;0 ;582 ;0 ;0 ;0 ;0 ;176 ;25 ;0 
298;13;Metropolitana de Santiago;134;Maipo;13402;Buin;7628 ;7100 ;135 ;0 ;64 ;0 ;192 ;0 ;0 ;0 ;0 ;54 ;9 ;0 
299;13;Metropolitana de Santiago;134;Maipo;13403;Calera de Tango;1141 ;1057 ;0 ;0 ;0 ;0 ;0 ;0 ;0 ;0 ;0 ;0 ;0 ;0 
300;13;Metropolitana de Santiago;134;Maipo;13404;Paine;5271 ;4804 ;146 ;0 ;94 ;0 ;85 ;0 ;0 ;0 ;0 ;85 ;3 ;0 
301;13;Metropolitana de Santiago;135;Melipilla;13501;Melipilla;8178 ;6417 ;252 ;0 ;1145 ;0 ;143 ;0 ;0 ;0 ;0 ;134 ;12 ;0 
302;13;Metropolitana de Santiago;135;Melipilla;13502;Alhué;413 ;320 ;0 ;0 ;0 ;0 ;0 ;0 ;0 ;0 ;0 ;0 ;0 ;0 
303;13;Metropolitana de Santiago;135;Melipilla;13503;Curacaví;2117 ;1922 ;67 ;0 ;0 ;0 ;0 ;0 ;0 ;0 ;0 ;0 ;2 ;0 
304;13;Metropolitana de Santiago;135;Melipilla;13504;María Pinto;1042 ;992 ;0 ;0 ;0 ;0 ;0 ;0 ;0 ;0 ;0 ;0 ;1 ;0 
305;13;Metropolitana de Santiago;135;Melipilla;13505;San Pedro;893 ;487 ;87 ;0 ;276 ;0 ;0 ;0 ;0 ;0 ;0 ;0 ;2 ;0 
306;13;Metropolitana de Santiago;136;Talagante;13601;Talagante;4686 ;4217 ;184 ;0 ;57 ;0 ;93 ;0 ;0 ;0 ;0 ;93 ;9 ;0 
307;13;Metropolitana de Santiago;136;Talagante;13602;El Monte;3017 ;2820 ;64 ;0 ;0 ;0 ;68 ;0 ;0 ;0 ;0 ;0 ;1 ;0 
308;13;Metropolitana de Santiago;136;Talagante;13603;Isla de Maipo;2452 ;2302 ;58 ;0 ;0 ;0 ;0 ;0 ;0 ;0 ;0 ;0 ;5 ;0 
309;13;Metropolitana de Santiago;136;Talagante;13604;Padre Hurtado;7078 ;6517 ;152 ;0 ;0 ;0 ;221 ;0 ;0 ;0 ;0 ;76 ;9 ;0 
310;13;Metropolitana de Santiago;136;Talagante;13605;Peñaflor;6284 ;5880 ;102 ;0 ;0 ;0 ;123 ;0 ;0 ;0 ;0 ;0 ;10 ;0 
311;14;Los Ríos;141;Valdivia;14101;Valdivia;27488 ;26741 ;251 ;0 ;54 ;0 ;147 ;0 ;0 ;0 ;0 ;125 ;21 ;0 
312;14;Los Ríos;141;Valdivia;14102;Corral;1547 ;1518 ;0 ;0 ;0 ;0 ;0 ;0 ;0 ;0 ;0 ;0 ;0 ;0 
313;14;Los Ríos;141;Valdivia;14103;Lanco;5613 ;5577 ;0 ;0 ;0 ;0 ;0 ;0 ;0 ;0 ;0 ;0 ;1 ;0 
314;14;Los Ríos;141;Valdivia;14104;Los Lagos;3081 ;3004 ;0 ;0 ;0 ;0 ;0 ;0 ;0 ;0 ;0 ;0 ;2 ;0 
315;14;Los Ríos;141;Valdivia;14105;Máfil;1435 ;1414 ;0 ;0 ;0 ;0 ;0 ;0 ;0 ;0 ;0 ;0 ;1 ;0 
316;14;Los Ríos;141;Valdivia;14106;Mariquina;9069 ;9001 ;0 ;0 ;0 ;0 ;0 ;0 ;0 ;0 ;0 ;0 ;2 ;0 
317;14;Los Ríos;141;Valdivia;14107;Paillaco;3479 ;3433 ;0 ;0 ;0 ;0 ;0 ;0 ;0 ;0 ;0 ;0 ;0 ;0 
318;14;Los Ríos;141;Valdivia;14108;Panguipulli;14622 ;14506 ;0 ;0 ;0 ;0 ;0 ;0 ;0 ;0 ;0 ;0 ;3 ;0 
319;14;Los Ríos;142;Ranco;14201;La Unión;10091 ;10014 ;0 ;0 ;0 ;0 ;0 ;0 ;0 ;0 ;0 ;0 ;2 ;0 
320;14;Los Ríos;142;Ranco;14202;Futrono;5142 ;5101 ;0 ;0 ;0 ;0 ;0 ;0 ;0 ;0 ;0 ;0 ;1 ;0 
321;14;Los Ríos;142;Ranco;14203;Lago Ranco;5436 ;5410 ;0 ;0 ;0 ;0 ;0 ;0 ;0 ;0 ;0 ;0 ;2 ;0 
322;14;Los Ríos;142;Ranco;14204;Río Bueno;9379 ;9299 ;0 ;0 ;0 ;0 ;0 ;0 ;0 ;0 ;0 ;0 ;1 ;0 
323;15;Arica y Parinacota;151;Arica;15101;Arica;85439 ;7526 ;68067 ;76 ;4020 ;443 ;3257 ;0 ;0 ;66 ;0 ;983 ;46 ;916 
324;15;Arica y Parinacota;151;Arica;15102;Camarones;687 ;0 ;611 ;0 ;0 ;0 ;0 ;0 ;0 ;0 ;0 ;0 ;0 ;0 
325;15;Arica y Parinacota;152;Parinacota;15201;Putre;1216 ;0 ;1123 ;0 ;0 ;0 ;0 ;0 ;0 ;0 ;0 ;0 ;0 ;0 
326;15;Arica y Parinacota;152;Parinacota;15202;General Lagos;474 ;0 ;469 ;0 ;0 ;0 ;0 ;0 ;0 ;0 ;0 ;0 ;0 ;0 
327;16;Ñuble;161;Diguillín;16101;Chillán;7723 ;7057 ;247 ;0 ;59 ;0 ;138 ;0 ;0 ;0 ;0 ;105 ;6 ;0 
328;16;Ñuble;161;Diguillín;16102;Bulnes;974 ;918 ;0 ;0 ;0 ;0 ;0 ;0 ;0 ;0 ;0 ;0 ;0 ;0 
329;16;Ñuble;161;Diguillín;16103;Chillán Viejo;1623 ;1506 ;0 ;0 ;0 ;0 ;0 ;0 ;0 ;0 ;0 ;0 ;0 ;0 
330;16;Ñuble;161;Diguillín;16104;El Carmen;354 ;314 ;0 ;0 ;0 ;0 ;0 ;0 ;0 ;0 ;0 ;0 ;1 ;0 
331;16;Ñuble;161;Diguillín;16105;Pemuco;313 ;301 ;0 ;0 ;0 ;0 ;0 ;0 ;0 ;0 ;0 ;0 ;0 ;0 
332;16;Ñuble;161;Diguillín;16106;Pinto;467 ;422 ;0 ;0 ;0 ;0 ;0 ;0 ;0 ;0 ;0 ;0 ;1 ;0 
333;16;Ñuble;161;Diguillín;16107;Quillón;829 ;787 ;0 ;0 ;0 ;0 ;0 ;0 ;0 ;0 ;0 ;0 ;2 ;0 
334;16;Ñuble;161;Diguillín;16108;San Ignacio;526 ;494 ;0 ;0 ;0 ;0 ;0 ;0 ;0 ;0 ;0 ;0 ;0 ;0 
335;16;Ñuble;161;Diguillín;16109;Yungay;793 ;735 ;0 ;0 ;0 ;0 ;0 ;0 ;0 ;0 ;0 ;0 ;0 ;0 
336;16;Ñuble;162;Itata;16201;Quirihue;457 ;435 ;0 ;0 ;0 ;0 ;0 ;0 ;0 ;0 ;0 ;0 ;0 ;0 
337;16;Ñuble;162;Itata;16202;Cobquecura;294 ;282 ;0 ;0 ;0 ;0 ;0 ;0 ;0 ;0 ;0 ;0 ;0 ;0 
338;16;Ñuble;162;Itata;16203;Coelemu;625 ;594 ;0 ;0 ;0 ;0 ;0 ;0 ;0 ;0 ;0 ;0 ;0 ;0 
339;16;Ñuble;162;Itata;16204;Ninhue;147 ;136 ;0 ;0 ;0 ;0 ;0 ;0 ;0 ;0 ;0 ;0 ;0 ;0 
340;16;Ñuble;162;Itata;16205;Portezuelo;159 ;152 ;0 ;0 ;0 ;0 ;0 ;0 ;0 ;0 ;0 ;0 ;0 ;0 
341;16;Ñuble;162;Itata;16206;Ránquil;332 ;310 ;0 ;0 ;0 ;0 ;0 ;0 ;0 ;0 ;0 ;0 ;2 ;0 
342;16;Ñuble;162;Itata;16207;Trehuaco;215 ;0 ;0 ;0 ;0 ;0 ;0 ;0 ;0 ;0 ;0 ;0 ;0 ;0 
343;16;Ñuble;163;Punilla;16301;San Carlos;1653 ;1543 ;0 ;0 ;0 ;0 ;0 ;0 ;0 ;0 ;0 ;0 ;4 ;0 
344;16;Ñuble;163;Punilla;16302;Coihueco;1318 ;1232 ;0 ;0 ;0 ;0 ;0 ;0 ;0 ;0 ;0 ;0 ;2 ;0 
345;16;Ñuble;163;Punilla;16303;Ñiquén;386 ;344 ;0 ;0 ;0 ;0 ;0 ;0 ;0 ;0 ;0 ;0 ;0 ;0 
346;16;Ñuble;163;Punilla;16304;San Fabián;229 ;207 ;0 ;0 ;0 ;0 ;0 ;0 ;0 ;0 ;0 ;0 ;0 ;0 
347;16;Ñuble;163;Punilla;16305;San Nicolás;728 ;671 ;0 ;0 ;0 ;0 ;0 ;0 ;0 ;0 ;0 ;0 ;1 ;0 